backend,lr,series,n,seed,solved,generations,env_steps,train_seconds,score,steps_per_sec
numpy,0.1,numpy,64,0,True,14,406328,0.8739261273294687,82.1416015625,464945.47684671177
numpy,0.1,numpy,64,1,True,4,102171,0.24437929096166044,99.162109375,418083.7074939756
numpy,0.1,numpy,64,2,True,9,255939,0.5737983339931816,93.7236328125,446043.47004437505
numpy,0.1,numpy,64,3,True,2,56080,0.14433258294593543,95.12060546875,388547.0546938568
numpy,0.1,numpy,64,4,True,4,110981,0.24983354087453336,97.072265625,444219.77774287225
numpy,0.1,numpy,256,0,True,10,1157294,1.042183916666545,86.59521484375,1110450.8345337335
numpy,0.1,numpy,256,1,True,4,433528,0.40332916600164026,86.43408203125,1074873.9157590128
numpy,0.1,numpy,256,2,True,10,1017533,1.0396042079664767,90.35595703125,978769.6050118447
numpy,0.1,numpy,256,3,True,4,420989,0.4032158338231966,88.98876953125,1044078.5422742021
numpy,0.1,numpy,256,4,True,6,645597,0.6192389589268714,85.99169921875,1042565.2176646097
numpy,0.1,numpy,1024,0,True,9,4168604,2.4174356668954715,97.1845703125,1724390.8729755033
numpy,0.1,numpy,1024,1,True,4,1680199,1.0232649171957746,94.85009765625,1641998.051300862
numpy,0.1,numpy,1024,2,True,6,2573437,1.583846460096538,87.02734375,1624802.0656264527
numpy,0.1,numpy,1024,3,True,3,1349856,0.7460445408942178,98.45654296875,1809350.4154350446
numpy,0.1,numpy,1024,4,True,3,1397799,0.7418940421193838,85.46484375,1884095.195058959
numpy,0.1,numpy,4096,0,True,8,14861937,8.179895667009987,98.49365234375,1816885.887669581
numpy,0.1,numpy,4096,1,True,4,6868881,4.030212416080758,91.171875,1704347.1387743251
numpy,0.1,numpy,4096,2,True,6,10671015,6.8610533338505775,88.419921875,1555302.7327964504
numpy,0.1,numpy,4096,3,True,2,3654015,1.7286804160103202,98.79638671875,2113759.7014219807
numpy,0.1,numpy,4096,4,True,4,7181563,3.8674483340000734,83.6533203125,1856925.3884698085
numpy,0.1,numpy,16384,0,True,9,65508038,41.68234099971596,88.95263671875,1571601.7005965763
numpy,0.1,numpy,16384,1,True,4,27416831,17.5248600828927,88.34765625,1564453.6316020906
numpy,0.1,numpy,16384,2,True,5,36052694,21.591378417913802,84.8125,1669772.6889955308
numpy,0.1,numpy,16384,3,True,3,21138384,12.129880958003923,89.55615234375,1742670.358693982
numpy,0.1,numpy,16384,4,True,4,29014091,17.14745895913802,84.15087890625,1692034.4331565322
numpy,0.1,numpy,65536,0,True,9,256704948,175.06979712389875,85.619140625,1466300.5967747092
numpy,0.1,numpy,65536,1,True,4,109855484,73.23493633395992,90.2802734375,1500042.0495901858
numpy,0.1,numpy,65536,2,True,5,144357044,94.40668166591786,84.796875,1529097.7444885124
numpy,0.1,numpy,65536,3,True,3,84655834,53.427386833005585,90.10205078125,1584502.612201549
numpy,0.1,numpy,65536,4,True,4,116018677,75.19996445800643,85.474609375,1542802.2850301713
mlx,0.1,mlx,64,0,True,7,201136,0.2342041659867391,84.4951171875,858806.2434866703
mlx,0.1,mlx,64,1,True,13,290335,0.4352257940918207,91.45263671875,667090.5170173513
mlx,0.1,mlx,64,2,True,7,200248,0.2373697079019621,88.51318359375,843612.2779521049
mlx,0.1,mlx,64,3,True,4,104171,0.13463183399289846,85.7001953125,773747.1659599823
mlx,0.1,mlx,64,4,True,2,48771,0.06825991696678102,91.85498046875,714489.588725029
mlx,0.1,mlx,256,0,True,6,680100,0.20247191621456295,97.44091796875,3358984.3604743998
mlx,0.1,mlx,256,1,True,7,822441,0.24185141583438963,93.0361328125,3400604.446174404
mlx,0.1,mlx,256,2,True,3,339562,0.1035407087765634,89.40234375,3279502.3716976945
mlx,0.1,mlx,256,3,True,4,411535,0.13571874902117997,84.76025390625,3032263.434256801
mlx,0.1,mlx,256,4,True,3,286993,0.10218700102996081,83.80859375,2808507.9032298326
mlx,0.1,mlx,1024,0,True,7,3161010,0.27377312525641173,95.52783203125,11546093.127436984
mlx,0.1,mlx,1024,1,True,7,3253166,0.25056779105216265,96.060546875,12983177.072917417
mlx,0.1,mlx,1024,2,True,5,2125209,0.17438483296427876,86.71484375,12186891.278757773
mlx,0.1,mlx,1024,3,True,3,1346759,0.11436979204881936,89.5048828125,11775478.261122733
mlx,0.1,mlx,1024,4,True,1,429573,0.03836879204027355,96.77685546875,11195895.86112332
mlx,0.1,mlx,4096,0,True,6,10946428,0.37590887513943017,84.501953125,29119897.73037364
mlx,0.1,mlx,4096,1,True,8,14736082,0.4863542929524556,97.1416015625,30299068.423028294
mlx,0.1,mlx,4096,2,True,4,7307256,0.24319187609944493,91.24072265625,30047286.60019856
mlx,0.1,mlx,4096,3,True,3,5463836,0.17905599891673774,89.7138671875,30514677.157176517
mlx,0.1,mlx,4096,4,True,3,4688354,0.17756025085691363,87.2568359375,26404299.258273154
mlx,0.1,mlx,16384,0,True,6,44548706,1.302394169033505,92.66796875,34205240.670771115
mlx,0.1,mlx,16384,1,True,8,58776640,1.7208859998499975,87.2060546875,34154871.38899574
mlx,0.1,mlx,16384,2,True,4,28922494,0.8137454179814085,87.6201171875,35542435.46064524
mlx,0.1,mlx,16384,3,True,4,27736024,0.8388635830488056,85.89794921875,33063807.465803772
mlx,0.1,mlx,16384,4,True,2,13280391,0.4030290839727968,93.693359375,32951445.759424113
mlx,0.1,mlx,65536,0,True,6,177054060,5.081312166061252,89.962890625,34844161.15635784
mlx,0.1,mlx,65536,1,True,8,237844448,6.623032541014254,99.39794921875,35911713.633763365
mlx,0.1,mlx,65536,2,True,4,116236752,3.2498417500173673,90.45458984375,35766896.03405422
mlx,0.1,mlx,65536,3,True,4,110932688,3.222707292996347,86.65478515625,34422204.039777726
mlx,0.1,mlx,65536,4,True,2,53169768,1.6670541249914095,90.74169921875,31894446.138798278
metal,0.1,metal,64,0,True,7,201136,0.014147790847346187,84.4951171875,14216777.882161628
metal,0.1,metal,64,1,True,13,290335,0.02164820907637477,91.45263671875,13411502.031216515
metal,0.1,metal,64,2,True,7,200248,0.0113477089907974,88.51318359375,17646557.57055404
metal,0.1,metal,64,3,True,4,104171,0.006493124063126743,85.7001953125,16043278.857332781
metal,0.1,metal,64,4,True,2,48771,0.003168041934259236,91.85498046875,15394682.586928518
metal,0.1,metal,256,0,True,6,680100,0.023273875005543232,97.44091796875,29221605.76345872
metal,0.1,metal,256,1,True,7,822441,0.027036417042836547,93.0361328125,30419748.249071725
metal,0.1,metal,256,2,True,3,339562,0.011439791996963322,89.40234375,29682532.697284732
metal,0.1,metal,256,3,True,4,411535,0.015551541931927204,84.76025390625,26462649.285928465
metal,0.1,metal,256,4,True,3,286993,0.011775583028793335,83.80859375,24371871.804415334
metal,0.1,metal,1024,0,True,7,3161010,0.02826466702390462,95.52783203125,111836095.48014843
metal,0.1,metal,1024,1,True,7,3253166,0.028163458919152617,96.060546875,115510172.572861
metal,0.1,metal,1024,2,True,5,2125209,0.01999287400394678,86.71484375,106298324.07189
metal,0.1,metal,1024,3,True,3,1346759,0.011930208071134984,89.5048828125,112886463.6701911
metal,0.1,metal,1024,4,True,1,429573,0.0039605830097571015,96.77685546875,108462062.00999314
metal,0.1,metal,4096,0,True,6,10946428,0.028665206977166235,84.501953125,381871584.2072784
metal,0.1,metal,4096,1,True,8,14736082,0.035640664980746806,97.1416015625,413462599.75677997
metal,0.1,metal,4096,2,True,4,7307256,0.017731333966366947,91.24072265625,412109772.10516196
metal,0.1,metal,4096,3,True,3,5463836,0.013243958819657564,89.7138671875,412553079.81554663
metal,0.1,metal,4096,4,True,3,4688354,0.013404874945990741,87.2568359375,349749924.4782017
metal,0.1,metal,16384,0,True,6,44548706,0.26363345701247454,92.66796875,168979713.36730623
metal,0.1,metal,16384,1,True,8,58776640,0.35050987417344004,87.2060546875,167688970.64199686
metal,0.1,metal,16384,2,True,4,28922494,0.17607312405016273,87.6201171875,164264104.22387952
metal,0.1,metal,16384,3,True,4,27736024,0.17688145907595754,85.89794921875,156805716.91852352
metal,0.1,metal,16384,4,True,2,13280391,0.08863220806233585,93.693359375,149837077.17920983
metal,0.1,metal,65536,0,True,6,177054460,1.267712498898618,90.01025390625,139664521.84846643
metal,0.1,metal,65536,1,True,8,237844448,1.6728717068908736,99.39794921875,142177339.1350179
metal,0.1,metal,65536,2,True,4,116236752,0.8806483750231564,90.45458984375,131989969.31884827
metal,0.1,metal,65536,3,True,4,110932694,0.9067596261156723,86.6552734375,122339692.68703268
metal,0.1,metal,65536,4,True,2,53169768,0.4576418340438977,90.74169921875,116182053.3978978
